id,name,email,username,domain
1,Leanne Graham,Sincere@april.biz,Bret,april.biz
2,Ervin Howell,Shanna@melissa.tv,Antonette,melissa.tv
3,Clementine Bauch,Nathan@yesenia.net,Samantha,yesenia.net
4,Patricia Lebsack,Julianne.OConner@kory.org,Karianne,kory.org
5,Chelsey Dietrich,Lucio_Hettinger@annie.ca,Kamren,annie.ca
6,Mrs. Dennis Schulist,Karley_Dach@jasper.info,Leopoldo_Corkery,jasper.info
7,Kurtis Weissnat,Telly.Hoeger@billy.biz,Elwyn.Skiles,billy.biz
8,Nicholas Runolfsdottir V,Sherwood@rosamond.me,Maxime_Nienow,rosamond.me
9,Glenna Reichert,Chaim_McDermott@dana.io,Delphine,dana.io
10,Clementina DuBuque,Rey.Padberg@karina.biz,Moriah.Stanton,karina.biz
